{
    "transform": [
        0.00026949458523585647,
        0.0,
        -124.2111323135472,
        0.0,
        -0.00026949458523585647,
        42.6273060196816,
        0.0,
        0.0,
        1.0
    ],
    "crs": "EPSG:4326",
    "height": 2736,
    "width": 2090
}